code,lien
code151,https://lc.cx/nKVbsM
code152,https://lc.cx/sXWRhi
code153,https://www.agriland.ie/farming-news/daera-urges-farmers-to-be-vigilant-for-bluetongue-and-ehd/
code154,https://lc.cx/fnYicq
code155,https://lc.cx/V_Nr3n
code156,https://www.elfagr.org/4789113
code157,https://lc.cx/JVWi09
code158,https://archive.sana.sy/?p=1982634
code159,https://ar.yna.co.kr/view/AAR20231020002300885?section=society/index
code160,https://lc.cx/Ku4xPj
code161,https://lc.cx/zfrVjC
code162,https://lc.cx/fhGf6b
code163,https://wahis.woah.org/#/in-review/5290
code164,https://lc.cx/4RWWSk
code165,https://fr.yna.co.kr/view/AFR20231023002500884
code166,https://lc.cx/z0ursw
code167,https://lc.cx/Li9ojh
code168,https://www.nouvelles-du-monde.com/
code169,https://lc.cx/5cqNjm
code170,https://lc.cx/WL0piV
code171,https://wahis.woah.org/#/in-review/5294
code172,https://lc.cx/TGwerb
code173,https://wahis.woah.org/#/in-review/5293
code174,https://wahis.woah.org/#/in-review/5237
code175,https://lc.cx/t62xby
code176,https://equusmagazine.com/news/edcc-health-watch/equine-influenza-confirmed-in-washington-horse
code177,https://lc.cx/uNM8PO
code178,https://lc.cx/on-uHi
code179,https://lc.cx/udZWvS
code180,https://lc.cx/OQDzcx
code181,https://lc.cx/e_PT2s
code182,https://wahis.woah.org/#/in-review/5118
code183,https://wahis.woah.org/#/in-review/5296
code184,https://wahis.woah.org/#/in-review/5302
code185,https://wahis.woah.org/#/in-review/5301
code186,https://wahis.woah.org/#/in-review/4712
code187,https://wahis.woah.org/#/in-review/4731
code188,https://wahis.woah.org/#/in-review/4746
code189,https://wahis.woah.org/#/in-review/1859
code190,https://wahis.woah.org/#/in-review/5298
code191,https://lc.cx/tcRxXf
code192,https://lc.cx/VQ1gH6
code193,https://www.alyaum.com/articles/6494430
code194,https://lc.cx/ksd3d8
code195,https://www.aden-tm.net/news/263310
code196,https://lc.cx/9ZtBKK
code197,https://lc.cx/cil1yw
code198,https://lc.cx/JSphU4
code199,https://www.woodtv.com/news/michigan/state-west-nile-virus-found-in-berrien-co-camelid/
code200,https://lc.cx/V-PAgU